{
  "episode_rewards": [
    71.69999999999871,
    7.640000000000445,
    -0.06999999999974763,
    56.85000000000041,
    13.760000000000016,
    31.079999999999792,
    4.660000000000053,
    4.250000000000249,
    -0.08,
    5.920000000000012,
    15.77000000000008,
    -8.969999999999853,
    3.1000000000000254,
    5.690000000000113,
    6.780000000000294,
    -0.8500000000000005,
    -3.0899999999998533,
    10.900000000000235,
    61.389999999998864,
    -7.159999999999832,
    81.32999999999915,
    -1.1499999999999766,
    33.10000000000007,
    -0.6699999999999549,
    92.68999999999858,
    25.59999999999997,
    40.65000000000033,
    12.830000000000192,
    -9.769999999999836,
    12.479999999999363,
    2.6400000000000015,
    105.77999999999898,
    62.5400000000003,
    -4.089999999999957,
    4.180000000000026,
    3.5099999999995006,
    23.23999999999947,
    2.0500000000000407,
    -0.9100000000000006,
    48.79000000000026,
    66.08999999999772,
    -8.09999999999978,
    9.370000000000056,
    20.419999999999835,
    69.19000000000013,
    5.420000000000137,
    41.09000000000065,
    -3.999999999999753,
    25.880000000000056,
    -21.140000000000505
  ],
  "episode_lengths": [
    2360,
    3603,
    2217,
    2919,
    296,
    592,
    944,
    2102,
    17,
    284,
    1212,
    1257,
    312,
    1378,
    2920,
    133,
    1714,
    1534,
    3024,
    1814,
    2898,
    739,
    874,
    716,
    2107,
    230,
    2082,
    1923,
    1580,
    2356,
    207,
    1475,
    1135,
    570,
    3307,
    3318,
    909,
    288,
    182,
    1929,
    1174,
    3269,
    376,
    1071,
    2348,
    922,
    2424,
    2401,
    2836,
    3124
  ],
  "episode_shaped_rewards": [
    55.18120000000022,
    -11.70899999999951,
    -15.112899999999746,
    40.195000000000405,
    0.17620000000001568,
    17.314099999999844,
    -14.252799999999949,
    -9.717099999999764,
    -14.025999999999998,
    -8.302999999999994,
    0.4383000000001509,
    -23.781899999999844,
    -15.441899999999977,
    -15.078799999999916,
    -10.30279999999968,
    -12.7162,
    -16.19899999999985,
    -3.51779999999974,
    41.44220000000087,
    -24.974999999999834,
    58.870199999999095,
    -14.83699999999999,
    18.28810000000007,
    -16.372999999999973,
    77.93189999999935,
    10.829799999999981,
    22.70430000000021,
    -2.758899999999789,
    -25.06079999999985,
    -6.275100000000023,
    -11.125999999999998,
    94.54979999999955,
    49.43930000000016,
    -15.721999999999955,
    -10.510000000000117,
    -16.739900000000198,
    9.030099999999678,
    -14.026899999999964,
    -17.6971,
    34.540900000000114,
    53.90909999999853,
    -28.70589999999971,
    -4.740999999999943,
    5.516200000000005,
    53.87900000000007,
    -11.451799999999846,
    25.286900000000294,
    -22.264799999999752,
    12.589000000000045,
    -38.66690000000063
  ],
  "moving_avg_rewards": [
    71.69999999999871,
    39.669999999999575,
    26.423333333333133,
    34.02999999999995,
    29.975999999999964,
    30.159999999999936,
    26.517142857142808,
    23.733749999999993,
    21.08777777777777,
    19.570999999999994,
    13.978000000000131,
    12.317000000000101,
    12.634000000000077,
    7.518000000000048,
    6.820000000000077,
    3.627000000000097,
    2.852000000000106,
    3.517000000000105,
    9.66399999999999,
    8.356000000000007,
    14.911999999999916,
    15.693999999999903,
    18.693999999999907,
    18.0579999999999,
    26.648999999999727,
    29.293999999999727,
    33.667999999999736,
    33.86099999999974,
    26.74499999999987,
    28.708999999999786,
    20.839999999999876,
    31.53299999999977,
    34.47699999999979,
    34.13499999999979,
    25.28399999999994,
    23.074999999999893,
    21.333999999999804,
    20.25599999999979,
    21.141999999999772,
    24.772999999999865,
    31.117999999999633,
    19.72999999999976,
    14.412999999999736,
    16.863999999999713,
    23.364999999999725,
    23.555999999999784,
    25.340999999999905,
    24.735999999999926,
    27.414999999999935,
    20.421999999999855
  ],
  "moving_avg_lengths": [
    2360.0,
    2981.5,
    2726.6666666666665,
    2774.75,
    2279.0,
    1997.8333333333333,
    1847.2857142857142,
    1879.125,
    1672.2222222222222,
    1533.4,
    1418.6,
    1184.0,
    993.5,
    839.4,
    1101.8,
    1055.9,
    1132.9,
    1076.1,
    1376.8,
    1529.8,
    1698.4,
    1646.6,
    1702.8,
    1636.6,
    1555.3,
    1565.0,
    1601.8,
    1640.7,
    1496.3,
    1550.5,
    1281.4,
    1355.0,
    1381.1,
    1366.5,
    1486.5,
    1795.3,
    1678.0,
    1514.5,
    1374.7,
    1332.0,
    1428.7,
    1608.1,
    1532.2,
    1582.3,
    1486.4,
    1246.8,
    1398.3,
    1609.6,
    1875.0,
    1994.5
  ],
  "llm_calls": [
    0,
    0,
    0,
    0,
    0,
    0,
    0,
    0,
    0,
    0,
    0,
    0,
    0,
    0,
    0,
    0,
    0,
    0,
    0,
    0,
    0,
    0,
    0,
    0,
    0,
    0,
    0,
    0,
    0,
    0,
    0,
    0,
    0,
    0,
    0,
    0,
    0,
    0,
    0,
    0,
    0,
    0,
    0,
    0,
    0,
    0,
    0,
    0,
    0,
    0
  ],
  "attack_events": [],