{
  "episode_rewards": [
    3.890000000000002,
    -2.9699999999999807,
    18.4899999999999,
    56.28000000000204,
    -15.739999999999464,
    1.390000000000035,
    0.4000000000000137,
    43.15000000000036,
    56.42000000000186,
    28.05000000000007,
    1.1099999999999994,
    -6.669999999999632,
    9.560000000000327,
    1.4800000000000626,
    16.499999999999126,
    29.15999999999897,
    -46.269999999999364,
    -42.89999999999864,
    -49.86999999999865,
    -49.91999999999864,
    -49.91999999999864,
    -49.86999999999865,
    -49.829999999998655,
    -49.93999999999863,
    -49.98999999999862
  ],
  "episode_lengths": [
    551,
    401,
    756,
    3668,
    3658,
    413,
    562,
    1813,
    1988,
    2841,
    152,
    2688,
    2502,
    573,
    2299,
    3227,
    5000,
    5000,
    5000,
    5000,
    5000,
    5000,
    5000,
    5000,
    5000
  ],
  "episode_shaped_rewards": [
    -8.747000000000002,
    -18.091899999999985,
    3.6889999999999734,
    39.72710000000106,
    -42.40489999999991,
    -13.356699999999968,
    -13.55699999999999,
    29.34200000000022,
    42.28420000000119,
    8.202100000000197,
    -11.753300000000001,
    -24.062199999999585,
    -4.855199999999648,
    -14.452999999999944,
    1.0362999999992724,
    11.543199999998986,
    -96.45180000000144,
    -108.08999999999762,
    -114.84599999999772,
    -113.47409999999745,
    -116.59379999999733,
    -116.02189999999743,
    -114.56579999999786,
    -113.3678999999975,
    -115.77179999999737
  ],
  "moving_avg_rewards": [
    3.890000000000002,
    0.4600000000000106,
    6.469999999999973,
    18.92250000000049,
    11.9900000000005,
    10.223333333333755,
    8.820000000000364,
    13.111250000000362,
    17.923333333333865,
    18.936000000000483,
    18.65800000000048,
    18.288000000000523,
    17.395000000000557,
    11.915000000000363,
    15.139000000000223,
    17.916000000000118,
    13.24900000000018,
    4.644000000000278,
    -5.984999999999773,
    -13.781999999999641,
    -18.884999999999508,
    -23.20499999999941,
    -29.143999999999306,
    -34.28599999999918,
    -40.93499999999895
  ],
  "moving_avg_lengths": [
    551.0,
    476.0,
    569.3333333333334,
    1344.0,
    1806.8,
    1574.5,
    1429.857142857143,
    1477.75,
    1534.4444444444443,
    1665.1,
    1625.2,
    1853.9,
    2028.5,
    1719.0,
    1583.1,
    1864.5,
    2308.3,
    2627.0,
    2928.2,
    3144.1,
    3628.9,
    3860.1,
    4109.9,
    4552.6,
    4822.7
  ],
  "llm_calls": [
    0,
    0,
    0,
    0,
    0,
    0,
    0,
    0,
    0,
    0,
    0,
    0,
    0,
    0,
    0,
    0,
    0,
    0,
    0,
    0,
    0,
    0,
    0,
    0,
    0
  ],
  "attack_events": [],
  "actor_losses": [
    -0.1259556021541357,
    -0.08740628510713577,
    -0.07187160663306713,
    -0.028243158012628555,
    -0.11550699826329947,
    -0.07056229189038277,
    -0.19916475750505924,
    0.024236738681793213,
    -0.06945631466805935,
    -0.007324874401092529,
    -0.07365520298480988,
    -0.09989300835877657,
    -0.02771173231303692,
    0.023816227912902832,
    -0.08040826767683029,
    -0.04466313309967518,
    -0.1030656173825264,
    -0.09964778274297714,
    -0.0004815906286239624,
    0.07678415067493916,
    -0.010444262996315956,
    -0.1357169235125184,
    -0.0722928810864687,
    -0.02886711247265339,
    -0.051767854019999504,
    -0.04802439920604229,
    -0.06900736130774021,
    -0.06724002119153738,
    0.0033554742112755775,
    -0.09131267666816711,
    0.04642094671726227,
    -0.1393591808155179,
    -0.016042910516262054,
    0.00024793297052383423,
    -0.1604923289269209,
    -0.18739883787930012,
    -0.05438759922981262,
    -0.10837459191679955,
    -0.023907328955829144,
    -0.0015223762020468712,
    -0.006161654368042946,
    -0.13170097395777702,
    -0.08670405764132738,
    -0.020298076793551445,
    -0.11836782842874527,
    0.0065890951082110405,
    0.00722427386790514,
    -0.15914948843419552,
    -0.07988035306334496,
    -0.06227967515587807,
    -0.08077909424901009,
    0.03761094808578491,
    0.0020399168133735657,
    -0.05095916986465454,
    -0.07249557692557573,
    -0.03456349205225706,
    0.01792294532060623,
    -0.1085699051618576,
    0.004635398741811514,
    -0.002764531411230564,
    0.05602732230909169,
    -0.10634567774832249,
    -0.012339187785983086,
    -0.06303682364523411,
    0.004094433272257447,
    0.11892466340214014,
    -0.15164973214268684,
    0.07742526161018759,
    -0.004473937675356865,
    0.022322939708828926,
    -0.0022372789098881185,
    -0.011679577524773777,
    -0.03235828643664718,
    -0.003895903006196022,
    -0.023503750562667847,
    -0.05281119979918003,
    -0.07856921572238207,
    0.022186667192727327,
    -0.09740036283619702,
    -0.05892529044649564,
    -0.14598651975393295,
    0.0703255319967866,
    -0.059707769309170544,
    0.0071070261765271425,
    -0.01422474393621087,
    0.009643394965678453,
    -0.035923976451158524,
    0.07565008010715246,
    -0.04335981048643589,
    -0.012228650972247124,
    0.040369471069425344,
    0.09158802311867476,
    0.019281838554888964,
    0.05005419999361038,
    0.06546605192124844,
    -0.03610603278502822,
    0.020128397271037102,
    0.023726699873805046,
    0.032968621293548495,
    -0.08257923647761345,
    0.060881240759044886,
    -0.03582431453105528,
    -0.002957124263048172,
    0.028559814440086484,
    0.09819788206368685,
    0.02241435693576932,
    -0.04376982539542951,
    -0.036131526343524456,
    0.017363525461405516,
    -0.06170883003505878,
    0.02338979739579372,
    0.07815320463851094,
    0.05693736486136913,
    0.012623518705368042,
    -0.029211792163550854,
    0.032552351243793964,
    0.031625015661120415,
    -0.008236000314354897,
    0.0744644261430949,
    0.0754429450025782,
    0.00883913692086935,
    0.011355144903063774,
    0.005818429868668318,
    -0.01600657682865858,
    -0.11753565620165318,
    -0.043213656172156334,
    0.05488504841923714,
    -0.02031868090853095,
    -0.009668458485975862,
    -0.1766156463418156,
    0.0066331743728369474,
    0.0590833555907011,
    0.02853595931082964,
    -0.0019871294498443604,
    0.01655630860477686,
    -0.1090137172723189,
    -0.013045902363955975,
    0.01840980350971222,
    0.10706473840400577,
    -0.10821489244699478,
    0.06693355739116669,
    -0.022735017351806164
  ],